id;name;surname;address;phone_number;email;profil;profil_content_type
1;reciprocal withdrawal;synthesize compressing;multi-byte Administrateur;paradigm;Flavie86@hotmail.fr;../fake-data/blob/hipster.png;image/png
2;Coordinateur world-class Adaptive;capacitor hard;iterate;online Account global;Axel.Martin89@hotmail.fr;../fake-data/blob/hipster.png;image/png
3;a quantify uniform;e-markets a;Cotton;Dollar;Augustine36@yahoo.fr;../fake-data/blob/hipster.png;image/png
4;connect Ergonomic;Music paradigms;bXX;c a;Anatolie45@gmail.com;../fake-data/blob/hipster.png;image/png
5;encoding Cape;b a;payment;Rhône-Alpes neural;Ismrie.Gaillard@hotmail.fr;../fake-data/blob/hipster.png;image/png
6;background magenta;Music leverage Pants;Market Gorgeous;back-end Cambridgeshire Cotton;Mahaut_Benoit57@hotmail.fr;../fake-data/blob/hipster.png;image/png
7;Licensed Stagiaire Nauru;b Soap;Shoes;Berkshire SQL Fresh;Magali.Nguyen@hotmail.fr;../fake-data/blob/hipster.png;image/png
8;b b;Coordinateur;gold Japan;hacking;Brigitte_Menard@hotmail.fr;../fake-data/blob/hipster.png;image/png
9;e-business Loan;Shoes;hack synthesize alarm;navigate;Hlier_Hubert@gmail.com;../fake-data/blob/hipster.png;image/png
10;Ergonomic FTP;Nord-Pas-de-Calais Midi-Pyrénées Monaco;Franche-Comté Islands;Account Hat;Hippolyte3@gmail.com;../fake-data/blob/hipster.png;image/png
